,LEA_Code,LEA_Name,School_Code,School_Name,Entity_Type,Ward,Total_Count_of_Students,At-Risk_(%),Not_at-risk_(%),"Socieconomic_Diversity_Score,_2018-19_(%)",Most_socioeconomically_diverse_flag,Majority_group,"Socieconomic_Diversity_Score,_2016-17_(%)","Change_in_Socieconomic_Diversity_Score,_from_2016-17_to_2018-19_(percentage_points)",American_Indian/Alaskan_Native_(%),Asian_(%),Black_(%),Change_in_Racial/Ethnic_Diversity_Score_from_2016-17_to_2018-19_(percentage_points),Latinx_(%),Most_racially_and_ethnically_diverse_flag,Native_Hawaiian/Other_Pacific_Islander_(%),"Racial/Ethnic_Diversity_Score,_2016-17_(%)","Racial/Ethnic_Diversity_Score,_2018-19_(%)",Two_or_more_races_(%),White_(%),risk_level
0,155,Achievement Preparatory Academy PCS,217,Achievement Preparatory Academy PCS - Wahler Place Elementary School,Charter,8,379,67,33,33,Other,At-Risk,45.04310488700867,-12.043104887008667,1,0,97,-0.20000052452087402,2,Other,0,3.200000524520874,3,0,0,4
1,155,Achievement Preparatory Academy PCS,1100,Achievement Preparatory Academy PCS - Wahler Place Middle School,Charter,8,459,65,35,35,Other,At-Risk,49.145299196243286,-14.145299196243286,0,0,98,-1.200000524520874,1,Other,0,3.200000524520874,2,1,0,4
2,1,District of Columbia Public Schools,202,Aiton Elementary School,DCPS,7,268,76,24,24,Other,At-Risk,20.717132091522217,3.282867908477783,0,0,96,3.599999189376831,3,Other,0,0.40000081062316895,4,0,1,4
3,1,District of Columbia Public Schools,203,Amidon-Bowen Elementary School,DCPS,6,362,63,37,37,Other,At-Risk,31.142854690551758,5.857145309448242,0,1,81,6.699997425079346,5,Other,0,12.300002574920654,19,4,9,4
4,1,District of Columbia Public Schools,450,Anacostia High School,DCPS,8,392,81,19,19,Other,At-Risk,16.703784465789795,2.296215534210205,0,0,97,1.9000022411346436,2,Other,0,1.0999977588653564,3,0,0,5
5,103,AppleTree Early Learning PCS,140,AppleTree Early Learning Center PCS - Columbia Heights,Charter,1,176,34,66,34,Other,Not at-risk,33.125001192092896,0.8749988079071045,2,2,59,-7.69999885559082,10,Most racially and ethnically diverse,1,48.69999885559082,41,1,25,2
6,103,AppleTree Early Learning PCS,3072,AppleTree Early Learning Center PCS - Douglas Knoll,Charter,8,91,80,20,20,Other,At-Risk,30.7692289352417,-10.7692289352417,2,0,98,-0.39999890327453613,0,Other,0,2.399998903274536,2,0,0,5
7,103,AppleTree Early Learning PCS,3073,AppleTree Early Learning Center PCS - Lincoln Park,Charter,6,66,24,76,24,Other,Not at-risk,0.0,24.0,2,5,39,-2.0,3,Most racially and ethnically diverse,0,50.0,48,0,52,2
8,103,AppleTree Early Learning PCS,1137,AppleTree Early Learning Center PCS - Oklahoma Avenue,Charter,7,161,48,52,48,Most socioeconomically diverse,Not at-risk,47.01492786407471,0.985072135925293,0,1,88,7.499998331069946,0,Other,0,4.500001668930054,12,1,10,3
9,103,AppleTree Early Learning PCS,1069,AppleTree Early Learning Center PCS - Parklands at THEARC,Charter,8,94,69,31,31,Other,At-Risk,,,1,0,99,,0,Other,0,,1,0,0,4
10,1,District of Columbia Public Schools,452,Ballou High School,DCPS,8,746,79,21,21,Other,At-Risk,21.827954053878784,-0.8279540538787842,0,0,98,1.9073486328125e-06,2,Other,0,1.9999980926513672,2,0,0,4
11,1,District of Columbia Public Schools,204,Bancroft Elementary School,DCPS,1,591,25,75,25,Other,Not at-risk,34.528303146362305,-9.528303146362305,0,4,6,4.199997186660767,65,Other,0,30.800002813339233,35,2,22,2
12,1,District of Columbia Public Schools,205,Barnard Elementary School,DCPS,4,700,46,54,46,Most socioeconomically diverse,Not at-risk,46.53312563896179,-0.533125638961792,0,1,41,-3.1999964714050293,52,Most racially and ethnically diverse,0,51.19999647140503,48,1,4,3
13,168,Basis DC PCS,3068,BASIS DC PCS,Charter,2,642,8,92,8,Other,Not at-risk,7.872694730758667,0.127305269241333,1,7,34,-1.0000014305114746,9,Most racially and ethnically diverse,0,61.000001430511475,60,9,40,1
14,1,District of Columbia Public Schools,206,Beers Elementary School,DCPS,7,524,55,45,45,Most socioeconomically diverse,At-Risk,43.53448152542114,1.4655184745788574,0,0,98,0.10000061988830566,0,Other,0,1.8999993801116943,2,0,1,3
15,1,District of Columbia Public Schools,402,Benjamin Banneker High School,DCPS,1,488,25,75,25,Other,Not at-risk,21.20581865310669,3.7941813468933105,0,3,75,0.3000020980834961,17,Other,0,24.699997901916504,25,2,2,2
16,189,Breakthrough Montessori PCS,289,Breakthrough Montessori PCS,Charter,4,186,14,86,14,Other,Not at-risk,0.0,14.0,0,8,33,3.999995708465576,12,Most racially and ethnically diverse,0,58.000004291534424,62,9,38,1
17,1,District of Columbia Public Schools,212,Brent Elementary School,DCPS,6,439,4,96,4,Other,Not at-risk,5.940592288970947,-1.9405922889709473,0,4,16,5.100001335144043,11,Other,0,33.89999866485596,39,7,61,1
18,107,Bridges PCS,142,Bridges PCS,Charter,5,426,36,64,36,Other,Not at-risk,32.31707215309143,3.6829278469085693,0,1,52,0.10000276565551758,30,Most racially and ethnically diverse,0,47.89999723434448,48,5,11,2
19,1,District of Columbia Public Schools,213,Brightwood Education Campus,DCPS,4,835,36,64,36,Other,Not at-risk,46.35761380195618,-10.357613801956177,0,1,20,-1.9000012874603271,77,Other,0,24.900001287460327,23,0,1,2
20,119,Briya PCS,126,Briya PCS,Charter,5,975,10,90,10,Other,Not at-risk,,,0,5,20,,74,Other,0,,26,0,1,1
21,1,District of Columbia Public Schools,347,Brookland Middle School,DCPS,5,316,53,47,47,Most socioeconomically diverse,At-Risk,49.60629940032959,-2.60629940032959,0,0,91,-0.10000205039978027,8,Other,0,9.10000205039978,9,0,1,3
22,1,District of Columbia Public Schools,404,Browne Education Campus,DCPS,5,430,73,27,27,Other,At-Risk,30.744338035583496,-3.744338035583496,0,0,88,6.499999284744263,11,Other,0,5.500000715255737,12,0,0,4
23,1,District of Columbia Public Schools,296,Bruce-Monroe Elementary School @ Park View,DCPS,1,488,38,62,38,Other,Not at-risk,43.974632024765015,-5.974632024765015,0,1,16,3.7000019550323486,73,Other,0,23.29999804496765,27,3,8,2
24,1,District of Columbia Public Schools,219,Bunker Hill Elementary School,DCPS,5,259,45,55,45,Most socioeconomically diverse,Not at-risk,45.64102292060852,-0.6410229206085205,0,1,77,2.000002145767212,16,Other,0,20.999997854232788,23,2,4,3
25,1,District of Columbia Public Schools,220,Burroughs Elementary School,DCPS,5,301,45,55,45,Most socioeconomically diverse,Not at-risk,42.41379499435425,2.586205005645752,0,1,84,4.300001621246338,9,Other,0,11.699998378753662,16,1,4,3
26,1,District of Columbia Public Schools,221,Burrville Elementary School,DCPS,7,336,68,32,32,Other,At-Risk,31.999999284744263,7.152557373046875e-07,0,0,99,-1.499997615814209,1,Other,0,2.499997615814209,1,0,0,4
27,1,District of Columbia Public Schools,247,C.W. Harris Elementary School,DCPS,7,262,80,20,20,Other,At-Risk,26.31579041481018,-6.315790414810181,0,0,97,1.6000001430511475,2,Other,0,1.3999998569488525,3,1,0,5
28,108,Capital City PCS,1207,Capital City PCS - High School,Charter,4,340,43,57,43,Most socioeconomically diverse,Not at-risk,42.942941188812256,0.05705881118774414,0,3,40,1.1920928955078125e-06,55,Most racially and ethnically diverse,0,44.999998807907104,45,1,1,3
29,108,Capital City PCS,184,Capital City PCS - Lower School,Charter,4,330,35,65,35,Other,Not at-risk,28.30769419670105,6.69230580329895,0,2,32,-3.6000022888183594,51,Most racially and ethnically diverse,0,52.60000228881836,49,5,9,2
30,108,Capital City PCS,182,Capital City PCS - Middle School,Charter,4,337,29,71,29,Other,Not at-risk,29.538458585739136,-0.5384585857391357,0,1,33,-3.3999998569488525,52,Most racially and ethnically diverse,0,51.39999985694885,48,5,8,2
31,1,District of Columbia Public Schools,360,Capitol Hill Montessori School @ Logan,DCPS,6,383,18,82,18,Other,Not at-risk,13.573408126831055,4.426591873168945,0,1,66,-5.899998903274536,2,Other,0,39.899998903274536,34,5,25,1
32,1,District of Columbia Public Schools,454,Cardozo Education Campus,DCPS,1,831,65,35,35,Other,At-Risk,30.402010679244995,4.597989320755005,0,2,46,4.699998140335083,51,Most racially and ethnically diverse,0,44.30000185966492,49,0,1,4
33,123,Cedar Tree Academy PCS,188,Cedar Tree Academy PCS,Charter,8,369,71,29,29,Other,At-Risk,28.83116602897644,0.16883397102355957,0,0,96,2.6999988555908203,3,Other,0,1.3000011444091797,4,0,0,4
34,156,Center City PCS,1103,Center City PCS - Brightwood,Charter,4,260,31,69,31,Other,Not at-risk,38.76811861991882,-7.768118619918823,0,0,52,-1.599999189376831,45,Most racially and ethnically diverse,0,49.59999918937683,48,2,0,2
35,156,Center City PCS,1104,Center City PCS - Capitol Hill,Charter,6,270,56,44,44,Most socioeconomically diverse,At-Risk,49.57982897758484,-5.579828977584839,0,0,87,5.9000020027160645,4,Other,0,7.0999979972839355,13,8,0,3
36,156,Center City PCS,1105,Center City PCS - Congress Heights,Charter,8,256,54,46,46,Most socioeconomically diverse,At-Risk,46.24505639076233,-0.2450563907623291,0,0,93,4.200000286102295,4,Other,0,2.799999713897705,7,3,1,3
37,156,Center City PCS,1106,Center City PCS - Petworth,Charter,4,255,33,67,33,Other,Not at-risk,35.01945734024048,-2.0194573402404785,0,1,48,0.6000001430511475,44,Most racially and ethnically diverse,0,51.39999985694885,52,5,2,2
38,156,Center City PCS,1107,Center City PCS - Shaw,Charter,6,237,44,56,44,Most socioeconomically diverse,Not at-risk,49.145299196243286,-5.145299196243286,0,0,61,-3.699998617172241,33,Other,0,42.69999861717224,39,4,0,3
39,156,Center City PCS,1108,Center City PCS - Trinidad,Charter,5,209,61,39,39,Other,At-Risk,35.86956262588501,3.1304373741149902,0,0,87,2.7000014781951904,6,Other,0,10.29999852180481,13,6,0,4
40,109,Cesar Chavez PCS for Public Policy,109,Cesar Chavez PCS for Public Policy - Parkside High School,Charter,7,360,66,34,34,Other,At-Risk,37.32590675354004,-3.325906753540039,0,0,95,-1.6999971866607666,4,Other,0,6.699997186660767,5,0,0,4
41,109,Cesar Chavez PCS for Public Policy,102,Cesar Chavez PCS for Public Policy - Parkside Middle School,Charter,7,133,75,25,25,Other,At-Risk,28.41726541519165,-3.4172654151916504,0,0,95,-1.1920928955078125e-06,5,Other,0,5.0000011920928955,5,0,0,4
42,1,District of Columbia Public Schools,224,Cleveland Elementary School,DCPS,1,323,51,49,49,Most socioeconomically diverse,At-Risk,44.85981464385986,4.140185356140137,0,2,58,2.100001096725464,30,Most racially and ethnically diverse,0,39.899998903274536,42,4,6,3
43,1,District of Columbia Public Schools,442,Columbia Heights Education Campus,DCPS,1,1418,53,47,47,Most socioeconomically diverse,At-Risk,49.6257483959198,-2.6257483959198,0,1,32,2.6999995708465576,64,Other,0,33.30000042915344,36,1,1,3
44,1,District of Columbia Public Schools,455,Coolidge High School,DCPS,4,378,68,32,32,Other,At-Risk,34.39306616783142,-2.393066167831421,0,0,72,2.599999189376831,27,Other,0,25.40000081062317,28,0,0,4
45,169,Creative Minds International PCS,3069,Creative Minds International PCS,Charter,5,512,16,84,16,Other,Not at-risk,9.090906381607056,6.909093618392944,0,3,38,5.09999942779541,17,Most racially and ethnically diverse,0,56.90000057220459,62,9,32,1
46,114,DC Bilingual PCS,199,DC Bilingual PCS,Charter,5,445,27,73,27,Other,Not at-risk,37.07317113876343,-10.073171138763428,0,0,20,10.00000286102295,62,Other,0,27.99999713897705,38,2,15,2
47,115,DC Prep PCS,276,DC Prep PCS - Anacostia Elementary School,Charter,8,380,68,32,32,Other,At-Risk,39.901477098464966,-7.901477098464966,0,0,93,-2.399998188018799,3,Other,0,9.399998188018799,7,3,1,4
48,115,DC Prep PCS,1110,DC Prep PCS - Benning Elementary School,Charter,7,455,58,42,42,Most socioeconomically diverse,At-Risk,44.320714473724365,-2.3207144737243652,0,0,92,3.0999975204467773,6,Other,0,4.900002479553223,8,2,0,3
49,115,DC Prep PCS,218,DC Prep PCS - Benning Middle School,Charter,7,345,50,50,50,Most socioeconomically diverse,At-Risk,44.83985900878906,5.1601409912109375,0,0,94,-2.384185791015625e-07,5,Other,0,6.000000238418579,6,1,0,3
50,115,DC Prep PCS,130,DC Prep PCS - Edgewood Elementary School,Charter,5,457,41,59,41,Other,Not at-risk,40.715885162353516,0.2841148376464844,0,0,82,1.2000017166137695,10,Other,0,16.79999828338623,18,5,2,3
51,115,DC Prep PCS,196,DC Prep PCS - Edgewood Middle School,Charter,5,336,33,67,33,Other,Not at-risk,34.2424213886261,-1.2424213886260986,0,0,88,0.8000011444091797,8,Other,0,11.19999885559082,12,4,0,2
52,170,DC Scholars PCS,3070,DC Scholars PCS,Charter,7,548,63,37,37,Other,At-Risk,44.158416986465454,-7.158416986465454,0,0,98,1.4000017642974854,0,Other,0,0.5999982357025146,2,1,0,4
53,1,District of Columbia Public Schools,405,Deal Middle School,DCPS,3,1549,7,93,7,Other,Not at-risk,5.8943092823028564,1.1056907176971436,0,5,27,0.8999981880187988,16,Most racially and ethnically diverse,0,53.1000018119812,54,5,46,1
54,317,Digital Pioneers Academy PCS,1038,Digital Pioneers Academy PCS,Charter,7,127,66,34,34,Other,At-Risk,,,0,0,97,,3,Other,0,,3,0,0,4
55,181,District of Columbia International School,248,District of Columbia International School,Charter,4,1066,19,81,19,Other,Not at-risk,18.46153736114502,0.5384626388549805,0,3,36,2.2000010013580322,38,Most racially and ethnically diverse,0,59.79999899864197,62,6,16,1
56,1,District of Columbia Public Schools,349,Dorothy I. Height Elementary School,DCPS,4,500,41,59,41,Other,Not at-risk,38.416987657547,2.583012342453003,0,1,54,8.699997425079346,40,Most racially and ethnically diverse,0,37.300002574920654,46,0,5,3
57,1,District of Columbia Public Schools,231,Drew Elementary School,DCPS,7,280,74,26,26,Other,At-Risk,26.877468824386597,-0.8774688243865967,0,0,97,0.6000010967254639,3,Other,0,2.399998903274536,3,0,0,4
58,1,District of Columbia Public Schools,471,Duke Ellington School of the Arts,DCPS,2,579,26,74,26,Other,Not at-risk,27.49003767967224,-1.4900376796722412,0,2,72,4.700001955032349,11,Other,0,23.29999804496765,28,4,11,2
59,1,District of Columbia Public Schools,467,Dunbar High School,DCPS,5,738,65,35,35,Other,At-Risk,32.705479860305786,2.294520139694214,0,1,95,-0.09999990463256836,3,Other,0,5.099999904632568,5,0,0,4
60,116,E.L. Haynes PCS,1206,E.L. Haynes PCS - Elementary School,Charter,4,353,33,67,33,Other,Not at-risk,31.3043475151062,1.6956524848937988,1,0,39,2.400003433227539,37,Most racially and ethnically diverse,0,58.59999656677246,61,4,18,2
61,116,E.L. Haynes PCS,1138,E.L. Haynes PCS - High School,Charter,4,447,52,48,48,Most socioeconomically diverse,At-Risk,48.222219944000244,-0.22221994400024414,2,1,38,-6.30000114440918,55,Most racially and ethnically diverse,1,51.30000114440918,45,2,2,3
62,116,E.L. Haynes PCS,146,E.L. Haynes PCS - Middle School,Charter,1,360,38,62,38,Other,Not at-risk,40.51724076271057,-2.5172407627105713,1,0,44,4.699997901916504,45,Most racially and ethnically diverse,0,50.300002098083496,55,5,4,2
63,117,Eagle Academy PCS,1125,Eagle Academy PCS - Capitol Riverfront,Charter,8,159,57,43,43,Most socioeconomically diverse,At-Risk,47.22222089767456,-4.2222208976745605,0,1,87,6.09999942779541,5,Other,0,6.90000057220459,13,0,7,3
64,117,Eagle Academy PCS,195,Eagle Academy PCS - Congress Heights,Charter,8,708,69,31,31,Other,At-Risk,34.05994772911072,-3.0599477291107178,0,0,99,0.5000004768371582,1,Other,0,0.4999995231628418,1,0,0,4
65,118,Early Childhood Academy PCS,138,Early Childhood Academy PCS,Charter,8,261,74,26,26,Other,At-Risk,28.820961713790894,-2.8209617137908936,0,0,99,-1.2000014781951904,1,Other,0,2.2000014781951904,1,0,0,4
66,1,District of Columbia Public Schools,457,Eastern High School,DCPS,6,820,63,37,37,Other,At-Risk,36.67481541633606,0.32518458366394043,0,0,96,1.3999977111816406,2,Other,0,2.6000022888183594,4,0,1,4
67,1,District of Columbia Public Schools,232,Eaton Elementary School,DCPS,3,495,6,94,6,Other,Not at-risk,5.031448602676392,0.9685513973236084,0,6,21,-1.799999713897705,15,Most racially and ethnically diverse,0,52.799999713897705,51,8,49,1
68,1,District of Columbia Public Schools,407,Eliot-Hine Middle School,DCPS,6,271,60,40,40,Other,At-Risk,37.99999952316284,2.000000476837158,0,0,88,4.5000011920928955,3,Other,0,7.4999988079071045,12,3,6,4
69,144,Elsie Whitlow Stokes Community Freedom PCS,159,Elsie Whitlow Stokes Community Freedom PCS - Brookland,Charter,5,352,11,89,11,Other,Not at-risk,12.857145071029663,-1.857145071029663,0,1,39,0.999997615814209,21,Most racially and ethnically diverse,0,60.00000238418579,61,12,26,1
70,144,Elsie Whitlow Stokes Community Freedom PCS,1059,Elsie Whitlow Stokes Community Freedom PCS - East End,Charter,7,142,11,89,11,Other,Not at-risk,,,0,1,55,,16,Most racially and ethnically diverse,0,,45,14,14,1
71,1,District of Columbia Public Schools,318,Excel Academy,DCPS,8,504,73,27,27,Other,At-Risk,,,0,0,99,,1,Other,0,,1,0,0,4
72,120,Friendship PCS,269,Friendship PCS - Armstrong,Charter,5,417,61,39,39,Other,At-Risk,47.488582134246826,-8.488582134246826,1,0,94,-2.7000012397766113,3,Other,0,8.700001239776611,6,0,0,4
73,120,Friendship PCS,361,Friendship PCS - Blow Pierce Elementary School,Charter,7,399,77,23,23,Other,At-Risk,25.515460968017578,-2.515460968017578,0,1,97,0.8999972343444824,2,Other,0,2.1000027656555176,3,0,0,4
74,120,Friendship PCS,362,Friendship PCS - Blow Pierce Middle School,Charter,7,250,73,27,27,Other,At-Risk,34.3478262424469,-7.347826242446899,0,0,97,1.6999988555908203,2,Other,0,1.3000011444091797,3,0,0,4
75,120,Friendship PCS,363,Friendship PCS - Chamberlain Elementary School,Charter,6,372,57,43,43,Most socioeconomically diverse,At-Risk,42.89405941963196,0.10594058036804199,0,0,96,1.6999998092651367,2,Other,0,2.3000001907348633,4,0,2,3
76,120,Friendship PCS,364,Friendship PCS - Chamberlain Middle School,Charter,6,316,52,48,48,Most socioeconomically diverse,At-Risk,43.939393758773804,4.060606241226196,0,0,99,0.40000176429748535,1,Other,0,0.5999982357025146,1,0,0,3
77,120,Friendship PCS,186,Friendship PCS - Collegiate Academy,Charter,7,573,59,41,41,Other,At-Risk,43.54194402694702,-2.5419440269470215,0,0,99,0.1999983787536621,1,Other,0,0.8000016212463379,1,0,0,3
78,120,Friendship PCS,268,Friendship PCS - Online,Charter,4,216,55,45,45,Most socioeconomically diverse,At-Risk,45.51724195480347,-0.5172419548034668,2,1,89,-10.399998664855957,5,Other,0,21.399998664855957,11,0,2,3
79,120,Friendship PCS,113,Friendship PCS - Southeast Elementary School,Charter,8,415,73,27,27,Other,At-Risk,28.75226140022278,-1.7522614002227783,0,0,99,0.29999709129333496,1,Other,0,0.700002908706665,1,0,0,4
80,120,Friendship PCS,1057,Friendship PCS - Southeast Middle School,Charter,8,181,69,31,31,Other,At-Risk,,,0,0,98,,1,Other,0,,2,0,1,4
81,120,Friendship PCS,1164,Friendship PCS - Technology Preparatory High School,Charter,8,277,63,37,37,Other,At-Risk,30.472105741500854,6.5278942584991455,0,0,99,0.09999966621398926,1,Other,0,0.9000003337860107,1,0,0,4
82,120,Friendship PCS,1124,Friendship PCS - Technology Preparatory Middle School,Charter,8,142,65,35,35,Other,At-Risk,32.295721769332886,2.7042782306671143,0,0,99,0.1999983787536621,1,Other,0,0.8000016212463379,1,0,0,4
83,120,Friendship PCS,365,Friendship PCS - Woodridge Elementary School,Charter,5,299,46,54,46,Most socioeconomically diverse,Not at-risk,32.786887884140015,13.213112115859985,0,0,95,-0.9000015258789062,4,Other,0,5.900001525878906,5,1,0,3
84,120,Friendship PCS,366,Friendship PCS - Woodridge Middle School,Charter,5,229,37,63,37,Other,Not at-risk,30.150753259658813,6.8492467403411865,0,0,94,-0.4999997615814209,5,Other,0,6.499999761581421,6,0,0,2
85,1,District of Columbia Public Schools,238,Garfield Elementary School,DCPS,8,326,83,17,17,Other,At-Risk,22.25913405418396,-5.25913405418396,0,0,99,-1.7000010013580322,1,Other,0,2.7000010013580322,1,0,0,5
86,1,District of Columbia Public Schools,239,Garrison Elementary School,DCPS,2,307,38,62,38,Other,Not at-risk,41.897231340408325,-3.897231340408325,0,3,49,3.2000014781951904,27,Most racially and ethnically diverse,0,47.79999852180481,51,2,18,2
87,190,Goodwill Excel Center PCS,297,Goodwill Excel Center PCS,Charter (Alternative),2,576,99,1,1,Other,At-Risk,1.8324613571166992,-0.8324613571166992,0,0,94,1.3000009059906006,2,Other,0,4.699999094009399,6,2,1,5
88,1,District of Columbia Public Schools,227,H.D. Cooke Elementary School,DCPS,1,426,44,56,44,Most socioeconomically diverse,Not at-risk,48.571425676345825,-4.571425676345825,0,2,33,2.6000025272369385,56,Most racially and ethnically diverse,0,41.39999747276306,44,2,6,3
89,1,District of Columbia Public Schools,464,H.D. Woodson High School,DCPS,7,541,69,31,31,Other,At-Risk,32.01892971992493,-1.0189297199249268,0,0,97,1.4000027179718018,3,Other,0,1.5999972820281982,3,0,0,4
90,1,District of Columbia Public Schools,246,Hardy Middle School,DCPS,2,480,18,82,18,Other,Not at-risk,21.92513346672058,-3.925133466720581,0,6,45,8.50000262260437,19,Most racially and ethnically diverse,0,46.49999737739563,55,3,26,1
91,180,Harmony DC PCS,245,Harmony DC PCS - School of Excellence,Charter,5,122,67,33,33,Other,At-Risk,47.422683238983154,-14.422683238983154,1,0,93,2.8999991416931152,5,Other,0,4.100000858306885,7,1,1,4
92,1,District of Columbia Public Schools,413,Hart Middle School,DCPS,8,425,82,18,18,Other,At-Risk,16.618913412094116,1.3810865879058838,0,0,97,1.6000001430511475,1,Other,0,1.3999998569488525,3,0,0,5
93,1,District of Columbia Public Schools,258,Hearst Elementary School,DCPS,3,353,8,92,8,Other,Not at-risk,5.128204822540283,2.871795177459717,0,9,20,-9.299999475479126,10,Most racially and ethnically diverse,0,59.299999475479126,50,10,50,1
94,1,District of Columbia Public Schools,249,Hendley Elementary School,DCPS,8,436,90,10,10,Other,At-Risk,6.741571426391602,3.2584285736083984,0,0,100,-0.40000081062316895,0,Other,0,0.40000081062316895,0,0,0,5
95,121,Hope Community PCS,131,Hope Community PCS - Lamond,Charter,4,294,52,48,48,Most socioeconomically diverse,At-Risk,40.80997109413147,7.19002890586853,0,0,88,-0.5,11,Other,0,12.5,12,0,0,3
96,121,Hope Community PCS,114,Hope Community PCS - Tolson,Charter,5,485,60,40,40,Other,At-Risk,46.167558431625366,-6.167558431625366,0,0,90,4.099998474121094,9,Other,0,5.900001525878906,10,0,0,4
97,1,District of Columbia Public Schools,251,Houston Elementary School,DCPS,7,296,65,35,35,Other,At-Risk,26.75585150718689,8.24414849281311,0,0,95,1.2999999523162842,4,Other,0,3.700000047683716,5,1,1,4
98,124,Howard University Middle School of Mathematics and Science PCS,115,Howard University Middle School of Mathematics and Science PCS,Charter,1,286,47,53,47,Most socioeconomically diverse,Not at-risk,45.32374143600464,1.6762585639953613,0,0,94,1.999997854232788,5,Other,0,4.000002145767212,6,1,0,3
99,1,District of Columbia Public Schools,252,Hyde-Addison Elementary School @ Meyer,DCPS,2,377,11,89,11,Other,Not at-risk,6.990879774093628,4.009120225906372,0,5,45,-0.5999994277954102,14,Most racially and ethnically diverse,0,55.59999942779541,55,7,29,1
100,126,IDEA PCS,163,IDEA PCS,Charter,7,335,69,31,31,Other,At-Risk,35.49618124961853,-4.49618124961853,0,0,97,-0.3999979496002197,3,Other,0,3.3999979496002197,3,0,0,4
101,173,Ingenuity Prep PCS,200,Ingenuity Prep PCS,Charter,8,571,65,35,35,Other,At-Risk,30.85106611251831,4.1489338874816895,0,0,98,-1.200000524520874,2,Other,0,3.200000524520874,2,0,0,4
102,165,Inspired Teaching Demonstration PCS,3064,Inspired Teaching Demonstration PCS,Charter,5,475,17,83,17,Other,Not at-risk,14.009660482406616,2.990339517593384,0,3,37,1.9000000953674316,7,Most racially and ethnically diverse,0,55.09999990463257,57,11,43,1
103,1,District of Columbia Public Schools,339,J.O. Wilson Elementary School,DCPS,6,528,46,54,46,Most socioeconomically diverse,Not at-risk,45.05050778388977,0.9494922161102295,0,0,79,2.400001049041748,7,Other,0,18.599998950958252,21,3,10,3
104,1,District of Columbia Public Schools,254,Janney Elementary School,DCPS,3,748,1,99,1,Other,Not at-risk,0.0,1.0,0,4,5,3.499999523162842,10,Other,0,24.500000476837158,28,9,72,1
105,1,District of Columbia Public Schools,433,Jefferson Middle School Academy,DCPS,6,365,61,39,39,Other,At-Risk,44.590163230895996,-5.590163230895996,0,0,92,3.3999996185302734,2,Other,0,4.600000381469727,8,1,4,4
106,1,District of Columbia Public Schools,416,Johnson Middle School,DCPS,8,322,82,18,18,Other,At-Risk,22.6190447807312,-4.619044780731201,0,0,97,-1.7999978065490723,2,Other,0,4.799997806549072,3,0,0,5
107,1,District of Columbia Public Schools,421,Kelly Miller Middle School,DCPS,7,564,71,29,29,Other,At-Risk,31.625837087631226,-2.6258370876312256,0,0,96,-2.1457672119140625e-06,3,Other,0,4.000002145767212,4,0,0,4
108,1,District of Columbia Public Schools,257,Ketcham Elementary School,DCPS,8,334,83,17,17,Other,At-Risk,14.56310749053955,2.436892509460449,0,0,96,-0.5000016689300537,3,Other,0,4.500001668930054,4,0,0,5
109,1,District of Columbia Public Schools,272,Key Elementary School,DCPS,3,404,1,99,1,Other,Not at-risk,0.0,1.0,0,5,9,-1.499997854232788,10,Other,0,33.49999785423279,32,7,68,1
110,1,District of Columbia Public Schools,259,Kimball Elementary School @ Davis,DCPS,7,384,83,17,17,Other,At-Risk,19.086021184921265,-2.0860211849212646,0,0,98,-1.5000026226043701,1,Other,0,3.50000262260437,2,0,0,5
111,1,District of Columbia Public Schools,344,King Elementary School,DCPS,8,343,85,15,15,Other,At-Risk,15.775400400161743,-0.7754004001617432,0,0,99,-1.3999989032745361,1,Other,0,2.399998903274536,1,0,0,5
112,186,Kingsman Academy PCS,267,Kingsman Academy PCS,Charter (Alternative),6,331,91,9,9,Other,At-Risk,9.72222089767456,-0.7222208976745605,0,0,98,1.5000004768371582,1,Other,0,0.4999995231628418,2,0,0,5
113,129,KIPP DC PCS,116,KIPP DC - AIM Academy PCS,Charter,8,394,56,44,44,Most socioeconomically diverse,At-Risk,45.57640552520752,-1.5764055252075195,0,0,100,0.0,0,Other,0,0.0,0,0,0,3
114,129,KIPP DC PCS,236,KIPP DC - Arts and Technology Academy PCS,Charter,7,352,57,43,43,Most socioeconomically diverse,At-Risk,46.570396423339844,-3.5703964233398438,0,0,99,-1.499997615814209,1,Other,0,2.499997615814209,1,0,0,3
115,129,KIPP DC PCS,1123,KIPP DC - College Preparatory Academy PCS,Charter,5,822,51,49,49,Most socioeconomically diverse,At-Risk,47.138047218322754,1.861952781677246,0,0,99,0.5000004768371582,1,Other,0,0.4999995231628418,1,0,0,3
116,129,KIPP DC PCS,209,KIPP DC - Connect Academy PCS,Charter,5,332,50,50,50,Most socioeconomically diverse,At-Risk,44.615381956100464,5.384618043899536,0,0,97,-1.6000003814697266,2,Other,0,4.600000381469727,3,0,0,3
117,129,KIPP DC PCS,1122,KIPP DC - Discover Academy PCS,Charter,8,366,66,34,34,Other,At-Risk,38.352274894714355,-4.3522748947143555,1,0,99,-0.09999775886535645,1,Other,0,1.0999977588653564,1,0,0,4
118,129,KIPP DC PCS,1129,KIPP DC - Grow Academy PCS,Charter,6,329,47,53,47,Most socioeconomically diverse,Not at-risk,48.475611209869385,-1.4756112098693848,0,0,94,1.0999975204467773,3,Other,0,4.900002479553223,6,0,2,3
119,129,KIPP DC PCS,3071,KIPP DC - Heights Academy PCS,Charter,8,471,62,38,38,Other,At-Risk,41.86550974845886,-3.8655097484588623,0,0,99,0.599999189376831,0,Other,0,0.40000081062316895,1,0,0,4
120,129,KIPP DC PCS,189,KIPP DC - KEY Academy PCS,Charter,7,341,47,53,47,Most socioeconomically diverse,Not at-risk,44.21365261077881,2.7863473892211914,0,0,97,1.1999993324279785,3,Other,0,1.8000006675720215,3,0,0,3
121,129,KIPP DC PCS,190,KIPP DC - Lead Academy PCS,Charter,6,414,47,53,47,Most socioeconomically diverse,Not at-risk,40.909093618392944,6.090906381607056,0,0,96,-1.299997329711914,3,Other,0,5.299997329711914,4,0,1,3
122,129,KIPP DC PCS,132,KIPP DC - LEAP Academy PCS,Charter,7,201,59,41,41,Other,At-Risk,40.909093618392944,0.09090638160705566,0,0,99,-4.59999942779541,1,Other,0,5.59999942779541,1,0,0,3
123,129,KIPP DC PCS,242,KIPP DC - Northeast Academy PCS,Charter,5,334,48,52,48,Most socioeconomically diverse,Not at-risk,46.31901979446411,1.6809802055358887,0,0,98,-0.7999997138977051,2,Other,0,2.799999713897705,2,0,0,3
124,129,KIPP DC PCS,1121,KIPP DC - Promise Academy PCS,Charter,7,522,59,41,41,Other,At-Risk,44.952380657196045,-3.952380657196045,0,0,98,-0.10000276565551758,2,Other,0,2.1000027656555176,2,0,0,3
125,129,KIPP DC PCS,237,KIPP DC - Quest Academy PCS,Charter,7,427,58,42,42,Most socioeconomically diverse,At-Risk,44.9315071105957,-2.931507110595703,0,0,99,-0.8999993801116943,1,Other,0,1.8999993801116943,1,0,0,3
126,129,KIPP DC PCS,214,KIPP DC - Spring Academy PCS,Charter,5,422,54,46,46,Most socioeconomically diverse,At-Risk,45.07462978363037,0.9253702163696289,0,0,97,-0.600001335144043,3,Other,0,3.600001335144043,3,0,0,3
127,129,KIPP DC PCS,243,KIPP DC - Valor Academy PCS,Charter,7,340,54,46,46,Most socioeconomically diverse,At-Risk,47.533631324768066,-1.5336313247680664,0,0,98,0.19999933242797852,2,Other,0,1.8000006675720215,2,0,0,3
128,129,KIPP DC PCS,121,KIPP DC - WILL Academy PCS,Charter,6,337,46,54,46,Most socioeconomically diverse,Not at-risk,38.4393036365509,7.560696363449097,0,1,95,2.3999977111816406,4,Other,0,2.6000022888183594,5,0,0,3
129,1,District of Columbia Public Schools,417,Kramer Middle School,DCPS,8,257,89,11,11,Other,At-Risk,16.06217622756958,-5.06217622756958,0,0,98,0.40000271797180176,2,Other,0,1.5999972820281982,2,0,0,5
130,1,District of Columbia Public Schools,261,Lafayette Elementary School,DCPS,4,904,4,96,4,Other,Not at-risk,2.2339046001434326,1.7660953998565674,0,4,11,1.9999988079071045,10,Other,0,30.000001192092896,32,8,68,1
131,1,District of Columbia Public Schools,262,Langdon Elementary School,DCPS,5,425,64,36,36,Other,At-Risk,49.226003885269165,-13.226003885269165,0,0,90,-4.200001955032349,9,Other,0,14.200001955032349,10,0,0,4
132,1,District of Columbia Public Schools,370,Langley Elementary School,DCPS,5,335,50,50,50,Most socioeconomically diverse,At-Risk,42.60563254356384,7.394367456436157,0,1,75,10.199999809265137,10,Other,0,14.800000190734863,25,2,13,3
133,1,District of Columbia Public Schools,264,LaSalle-Backus Education Campus,DCPS,4,446,58,42,42,Most socioeconomically diverse,At-Risk,48.23848009109497,-6.238480091094971,0,0,50,1.8000006675720215,47,Most racially and ethnically diverse,0,48.19999933242798,50,2,1,3
134,130,Latin American Montessori Bilingual PCS,193,Latin American Montessori Bilingual PCS,Charter,4,479,8,92,8,Other,Not at-risk,9.859156608581543,-1.859156608581543,0,2,17,8.899998188018799,33,Most racially and ethnically diverse,0,53.1000018119812,62,9,38,1
135,1,District of Columbia Public Schools,291,Lawrence E. Boone Elementary School,DCPS,8,458,77,23,23,Other,At-Risk,25.245100259780884,-2.245100259780884,0,0,96,1.7999985218048096,4,Other,0,2.2000014781951904,4,1,0,4
136,1,District of Columbia Public Schools,266,Leckie Education Campus,DCPS,8,576,49,51,49,Most socioeconomically diverse,Not at-risk,41.48550629615784,7.514493703842163,1,1,81,-3.600001096725464,7,Other,1,22.600001096725464,19,4,6,3
137,177,Lee Montessori PCS,228,Lee Montessori PCS,Charter,5,215,11,89,11,Other,Not at-risk,11.724138259887695,-0.7241382598876953,0,3,38,-1.8999996185302734,6,Most racially and ethnically diverse,0,57.89999961853027,56,9,44,1
138,1,District of Columbia Public Schools,271,Ludlow-Taylor Elementary School,DCPS,6,448,21,79,21,Other,Not at-risk,24.932974576950073,-3.9329745769500732,0,2,48,10.399999141693115,6,Most racially and ethnically diverse,0,41.600000858306885,52,8,36,2
139,1,District of Columbia Public Schools,420,MacFarland Middle School,DCPS,4,390,40,60,40,Other,Not at-risk,44.92753744125366,-4.927537441253662,0,1,20,8.000000476837158,79,Other,0,12.999999523162842,21,0,0,3
140,1,District of Columbia Public Schools,308,Malcolm X Elementary School @ Green,DCPS,8,280,85,15,15,Other,At-Risk,18.565398454666138,-3.5653984546661377,0,0,97,3.0,1,Other,0,0.0,3,2,0,5
141,1,District of Columbia Public Schools,273,Mann Elementary School,DCPS,3,418,2,98,2,Other,Not at-risk,0.0,2.0,0,7,12,0.8999989032745361,15,Other,0,35.100001096725464,36,2,64,1
142,1,District of Columbia Public Schools,284,Marie Reed Elementary School,DCPS,1,466,28,72,28,Other,Not at-risk,33.919596672058105,-5.9195966720581055,0,8,17,8.300000667572021,56,Most racially and ethnically diverse,0,35.69999933242798,44,4,15,2
143,132,Mary McLeod Bethune Day Academy PCS,135,Mary McLeod Bethune Day Academy PCS,Charter,5,442,48,52,48,Most socioeconomically diverse,Not at-risk,42.53731369972229,5.46268630027771,1,2,73,13.799997091293335,15,Other,0,13.200002908706665,27,4,6,3
144,1,District of Columbia Public Schools,274,Maury Elementary School @ Eliot-Hine,DCPS,6,431,9,91,9,Other,Not at-risk,8.010333776473999,0.989666223526001,0,2,23,-3.699997663497925,7,Most racially and ethnically diverse,0,43.699997663497925,40,8,60,1
145,1,District of Columbia Public Schools,435,McKinley Middle School,DCPS,5,262,60,40,40,Other,At-Risk,43.661969900131226,-3.6619699001312256,0,1,92,0.5000011920928955,7,Other,0,7.4999988079071045,8,0,0,4
146,1,District of Columbia Public Schools,458,McKinley Technology High School,DCPS,5,638,34,66,34,Other,Not at-risk,33.27948451042175,0.7205154895782471,1,1,84,2.299997568130493,12,Other,0,13.700002431869507,16,1,2,2
147,135,Meridian PCS,165,Meridian PCS,Charter,1,672,49,51,49,Most socioeconomically diverse,Not at-risk,44.21965479850769,4.78034520149231,0,1,64,-2.200002908706665,26,Other,0,38.200002908706665,36,0,9,3
148,1,District of Columbia Public Schools,280,Miner Elementary School,DCPS,6,417,62,38,38,Other,At-Risk,33.85416865348816,4.145831346511841,0,0,79,6.399997234344482,4,Other,0,14.600002765655518,21,2,14,4
149,184,Monument Academy PCS,260,Monument Academy PCS,Charter (Alternative),6,142,82,18,18,Other,At-Risk,14.473682641983032,3.5263173580169678,0,0,99,1.0,1,Other,0,0.0,1,0,0,5
150,1,District of Columbia Public Schools,285,Moten Elementary School,DCPS,8,403,83,17,17,Other,At-Risk,16.04938507080078,0.9506149291992188,0,0,97,0.2999989986419678,2,Other,0,2.7000010013580322,3,0,0,5
151,171,Mundo Verde Bilingual PCS,3065,Mundo Verde Bilingual PCS,Charter,5,604,12,88,12,Other,Not at-risk,9.236234426498413,2.763765573501587,0,2,18,3.1999969482421875,35,Most racially and ethnically diverse,0,61.80000305175781,65,11,34,1
152,1,District of Columbia Public Schools,287,Murch Elementary School,DCPS,3,642,5,95,5,Other,Not at-risk,1.7482519149780273,3.2517480850219727,1,12,15,4.399998188018799,10,Most racially and ethnically diverse,1,40.6000018119812,45,5,55,1
153,1,District of Columbia Public Schools,288,Nalle Elementary School,DCPS,7,425,72,28,28,Other,At-Risk,27.62148380279541,0.37851619720458984,0,0,89,3.1000003814697266,10,Other,0,7.899999618530273,11,0,0,4
154,163,National Collegiate Preparatory PCHS,1120,National Collegiate Preparatory PCHS,Charter,8,268,74,26,26,Other,At-Risk,34.18181538581848,-8.181815385818481,0,0,100,0.0,0,Other,0,0.0,0,0,0,4
155,1,District of Columbia Public Schools,290,Noyes Elementary School,DCPS,5,288,70,30,30,Other,At-Risk,27.411168813705444,2.5888311862945557,0,0,90,0.39999842643737793,9,Other,0,9.600001573562622,10,0,0,4
156,1,District of Columbia Public Schools,292,Oyster-Adams Bilingual School,DCPS,3,742,8,92,8,Other,Not at-risk,8.753710985183716,-0.7537109851837158,0,2,4,3.500002861022949,56,Most racially and ethnically diverse,0,40.49999713897705,44,5,33,1
157,1,District of Columbia Public Schools,294,Patterson Elementary School,DCPS,8,442,90,10,10,Other,At-Risk,11.92893385887146,-1.92893385887146,0,0,98,1.0000009536743164,2,Other,0,0.9999990463256836,2,0,0,5
158,138,Paul PCS,222,Paul PCS - International High School,Charter,4,480,57,43,43,Most socioeconomically diverse,At-Risk,46.40657305717468,-3.4065730571746826,0,1,61,11.100001573562622,38,Other,0,27.899998426437378,39,0,0,3
159,138,Paul PCS,170,Paul PCS - Middle School,Charter,4,267,37,63,37,Other,Not at-risk,34.29751992225647,2.7024800777435303,0,0,60,21.800001859664917,39,Most racially and ethnically diverse,0,18.199998140335083,40,1,0,2
160,1,District of Columbia Public Schools,295,Payne Elementary School,DCPS,6,361,45,55,45,Most socioeconomically diverse,Not at-risk,48.00000190734863,-3.000001907348633,0,1,70,5.700002908706665,4,Other,0,24.299997091293335,30,4,22,3
161,1,District of Columbia Public Schools,301,Peabody Elementary School (Capitol Hill Cluster),DCPS,6,233,8,92,8,Other,Not at-risk,6.956523656845093,1.0434763431549072,0,2,18,-2.6999995708465576,7,Other,0,41.69999957084656,39,12,61,1
162,125,Perry Street Preparatory PCS,161,Perry Street Preparatory PCS,Charter,5,382,54,46,46,Most socioeconomically diverse,At-Risk,48.69281053543091,-2.692810535430908,1,1,86,5.7999982833862305,8,Other,0,8.20000171661377,14,3,2,3
163,1,District of Columbia Public Schools,478,"Phelps Architecture, Construction and Engineering High School",DCPS,5,270,51,49,49,Most socioeconomically diverse,At-Risk,49.390244483947754,-0.3902444839477539,0,0,94,1.7000017166137695,5,Other,0,4.2999982833862305,6,0,1,3
164,1,District of Columbia Public Schools,299,Plummer Elementary School,DCPS,7,382,75,25,25,Other,At-Risk,24.296677112579346,0.7033228874206543,0,0,87,3.299999713897705,12,Other,0,9.700000286102295,13,0,1,4
165,1,District of Columbia Public Schools,300,Powell Elementary School,DCPS,4,567,33,67,33,Other,Not at-risk,40.63670635223389,-7.636706352233887,0,1,13,6.199999570846558,73,Other,0,20.800000429153442,27,2,11,2
166,1,District of Columbia Public Schools,316,Randle Highlands Elementary School,DCPS,7,363,62,38,38,Other,At-Risk,42.942941188812256,-4.942941188812256,0,0,98,0.5000014305114746,1,Other,0,1.4999985694885254,2,0,0,4
167,1,District of Columbia Public Schools,302,Raymond Education Campus,DCPS,4,624,46,54,46,Most socioeconomically diverse,Not at-risk,45.02447247505188,0.9755275249481201,0,1,34,1.3999993801116943,63,Other,0,35.600000619888306,37,1,1,3
168,167,Richard Wright PCS for Journalism and Media Arts,3067,Richard Wright PCS for Journalism and Media Arts,Charter,6,303,63,37,37,Other,At-Risk,31.666666269302368,5.333333730697632,0,0,98,0.6999988555908203,1,Other,0,1.3000011444091797,2,0,1,4
169,1,District of Columbia Public Schools,304,River Terrace Education Campus,DCPS,7,136,52,48,48,Most socioeconomically diverse,At-Risk,,,0,1,86,,10,Other,0,,14,1,1,3
170,191,Rocketship DC PCS,1016,Rocketship DC PCS - Legacy Prep,Charter,7,480,70,30,30,Other,At-Risk,,,0,0,97,,1,Other,0,,3,1,0,4
171,191,Rocketship DC PCS,286,Rocketship DC PCS - Rise Academy,Charter,8,654,80,20,20,Other,At-Risk,24.263036251068115,-4.263036251068115,0,0,96,-0.10000085830688477,1,Other,0,4.100000858306885,4,2,0,5
172,1,District of Columbia Public Schools,436,Ron Brown College Preparatory High School,DCPS,7,277,55,45,45,Most socioeconomically diverse,At-Risk,45.71428298950195,-0.7142829895019531,0,0,96,-0.7999978065490723,4,Other,0,4.799997806549072,4,1,0,3
173,1,District of Columbia Public Schools,459,Roosevelt High School,DCPS,4,767,65,35,35,Other,At-Risk,34.932535886764526,0.06746411323547363,0,1,49,4.100000858306885,50,Most racially and ethnically diverse,0,45.899999141693115,50,1,0,4
174,140,Roots PCS,173,Roots PCS,Charter,4,112,54,46,46,Most socioeconomically diverse,At-Risk,41.525423526763916,4.474576473236084,0,0,100,0.0,0,Other,0,0.0,0,0,0,3
175,1,District of Columbia Public Schools,305,Ross Elementary School,DCPS,2,201,3,97,3,Other,Not at-risk,0.0,3.0,0,9,14,-3.200000524520874,17,Most racially and ethnically diverse,0,53.200000524520874,50,8,50,1
176,1,District of Columbia Public Schools,307,Savoy Elementary School,DCPS,8,292,88,12,12,Other,At-Risk,20.95237970352173,-8.952379703521729,0,0,98,1.0000009536743164,0,Other,0,0.9999990463256836,2,0,1,5
177,1,District of Columbia Public Schools,409,School Without Walls @ Francis-Stevens,DCPS,2,499,15,85,15,Other,Not at-risk,18.471336364746094,-3.4713363647460938,1,9,43,6.699997901916504,16,Most racially and ethnically diverse,0,50.300002098083496,57,6,25,1
178,1,District of Columbia Public Schools,466,School Without Walls High School,DCPS,2,597,10,90,10,Other,Not at-risk,11.643832921981812,-1.6438329219818115,0,7,29,-4.899999618530273,12,Most racially and ethnically diverse,0,57.89999961853027,53,4,47,1
179,1,District of Columbia Public Schools,175,School-Within-School @ Goding,DCPS,6,320,5,95,5,Other,Not at-risk,4.234528541564941,0.7654714584350586,0,2,23,6.099998474121094,6,Other,0,30.900001525878906,37,7,63,1
180,1,District of Columbia Public Schools,309,Seaton Elementary School,DCPS,6,416,35,65,35,Other,Not at-risk,42.521995306015015,-7.521995306015015,0,12,35,-1.1000010967254639,41,Most racially and ethnically diverse,0,60.100001096725464,59,1,12,2
181,142,"SEED PCS of Washington, DC",174,SEED PCS of Washington DC,Charter,7,290,62,38,38,Other,At-Risk,36.01108193397522,1.9889180660247803,0,0,98,0.9000022411346436,1,Other,0,1.0999977588653564,2,0,0,4
182,174,Sela PCS,197,Sela PCS,Charter,4,232,18,82,18,Other,Not at-risk,21.46892547607422,-3.4689254760742188,0,1,66,4.599997043609619,12,Other,0,29.40000295639038,34,0,20,1
183,1,District of Columbia Public Schools,313,Shepherd Elementary School,DCPS,4,396,12,88,12,Other,Not at-risk,13.333332538604736,-1.3333325386047363,0,1,67,6.299998044967651,9,Other,0,26.70000195503235,33,7,17,1
184,166,Shining Stars Montessori Academy PCS,3066,Shining Stars Montessori Academy PCS,Charter,5,315,17,83,17,Other,Not at-risk,18.71921420097351,-1.7192142009735107,0,3,49,-2.200000524520874,12,Most racially and ethnically diverse,1,53.200000524520874,51,10,24,1
185,1,District of Columbia Public Schools,315,Simon Elementary School,DCPS,8,290,70,30,30,Other,At-Risk,30.072462558746338,-0.07246255874633789,0,0,96,1.7999985218048096,3,Other,0,2.2000014781951904,4,0,0,4
186,1,District of Columbia Public Schools,322,Smothers Elementary School,DCPS,7,288,72,28,28,Other,At-Risk,22.92490005493164,5.075099945068359,0,0,89,1.1000022888183594,9,Other,0,9.89999771118164,11,0,0,4
187,1,District of Columbia Public Schools,427,Sousa Middle School,DCPS,7,263,79,21,21,Other,At-Risk,30.980390310287476,-9.980390310287476,0,0,97,1.4000027179718018,3,Other,0,1.5999972820281982,3,0,0,4
188,143,St. Coletta Special Education PCS,1047,St. Coletta Special Education PCS,Charter,7,256,47,53,47,Most socioeconomically diverse,Not at-risk,,,0,0,77,,13,Other,0,,23,5,4,3
189,1,District of Columbia Public Schools,319,Stanton Elementary School,DCPS,8,522,88,12,12,Other,At-Risk,15.19230604171753,-3.1923060417175293,0,0,98,-0.7000010013580322,0,Other,0,2.7000010013580322,2,2,0,5
190,314,Statesman College Preparatory Academy for Boys PCS,1037,Statesman College Preparatory Academy for Boys PCS,Charter,8,57,47,53,47,Most socioeconomically diverse,Not at-risk,,,0,0,98,,2,Other,0,,2,0,0,3
191,1,District of Columbia Public Schools,321,Stoddert Elementary School,DCPS,3,487,4,96,4,Other,Not at-risk,3.9080440998077393,0.09195590019226074,0,10,8,1.1000022888183594,11,Other,0,34.89999771118164,36,6,64,1
192,1,District of Columbia Public Schools,428,Stuart-Hobson Middle School (Capitol Hill Cluster),DCPS,6,463,27,73,27,Other,Not at-risk,27.37818956375122,-0.3781895637512207,0,1,79,5.200000762939453,5,Other,0,15.799999237060547,21,3,13,2
193,1,District of Columbia Public Schools,324,Takoma Education Campus,DCPS,4,577,42,58,42,Most socioeconomically diverse,Not at-risk,44.2307710647583,-2.230771064758301,0,0,54,5.399998188018799,38,Most racially and ethnically diverse,0,40.6000018119812,46,3,5,3
194,188,The Children's Guild DC PCS,255,The Children's Guild PCS,Charter (Alternative),5,393,79,21,21,Other,At-Risk,20.467835664749146,0.5321643352508545,0,0,98,0.19999933242797852,2,Other,0,1.8000006675720215,2,0,0,4
195,1,District of Columbia Public Schools,325,Thomas Elementary School,DCPS,7,416,82,18,18,Other,At-Risk,27.872860431671143,-9.872860431671143,0,0,95,0.8000004291534424,3,Other,0,4.199999570846558,5,0,0,5
196,1,District of Columbia Public Schools,326,Thomson Elementary School,DCPS,2,351,38,62,38,Other,Not at-risk,41.85303449630737,-3.853034496307373,1,10,30,4.3999998569488525,47,Most racially and ethnically diverse,0,48.60000014305115,53,3,9,2
197,146,Thurgood Marshall Academy PCS,191,Thurgood Marshall Academy PCS,Charter,8,398,54,46,46,Most socioeconomically diverse,At-Risk,43.29897165298462,2.701028347015381,0,0,98,0.19999933242797852,2,Other,0,1.8000006675720215,2,0,0,3
198,1,District of Columbia Public Schools,327,Truesdell Education Campus,DCPS,4,676,49,51,49,Most socioeconomically diverse,Not at-risk,44.91899609565735,4.081003904342651,0,0,32,1.6000008583068848,65,Other,0,33.399999141693115,35,1,2,3
199,1,District of Columbia Public Schools,328,Tubman Elementary School,DCPS,1,613,52,48,48,Most socioeconomically diverse,At-Risk,46.67896628379822,1.3210337162017822,1,1,39,-1.3999977111816406,54,Most racially and ethnically diverse,0,47.39999771118164,46,1,5,3
200,1,District of Columbia Public Schools,329,Turner Elementary School,DCPS,8,537,82,18,18,Other,At-Risk,17.148762941360474,0.8512370586395264,0,0,97,1.1000006198883057,2,Other,0,1.8999993801116943,3,1,0,5
201,149,Two Rivers PCS,198,Two Rivers PCS - 4th St,Charter,6,538,22,78,22,Other,Not at-risk,22.77039885520935,-0.7703988552093506,0,1,62,1.200002908706665,8,Other,0,36.799997091293335,38,7,22,2
202,149,Two Rivers PCS,270,Two Rivers PCS - Young,Charter,5,341,20,80,20,Other,Not at-risk,19.02654767036438,0.9734523296356201,0,1,52,6.799999952316284,8,Most racially and ethnically diverse,0,41.200000047683716,48,9,29,2
203,1,District of Columbia Public Schools,330,Tyler Elementary School,DCPS,6,549,38,62,38,Other,Not at-risk,32.68482685089111,5.315173149108887,1,1,68,3.799999475479126,11,Other,0,28.200000524520874,32,3,16,2
204,1,District of Columbia Public Schools,331,Van Ness Elementary School,DCPS,6,292,33,67,33,Other,Not at-risk,20.467835664749146,12.532164335250854,0,0,56,-6.900000333786011,7,Most racially and ethnically diverse,0,50.90000033378601,44,8,28,2
205,1,District of Columbia Public Schools,332,Walker-Jones Education Campus,DCPS,6,449,82,18,18,Other,At-Risk,24.611973762512207,-6.611973762512207,0,1,92,0.9000020027160645,6,Other,0,7.0999979972839355,8,1,0,5
206,185,Washington Global PCS,263,Washington Global PCS,Charter,6,221,59,41,41,Other,At-Risk,43.103450536727905,-2.1034505367279053,0,0,98,-1.3999979496002197,1,Other,0,3.3999979496002197,2,1,0,3
207,151,Washington Latin PCS,125,Washington Latin PCS - Middle School,Charter,4,374,7,93,7,Other,Not at-risk,3.0386745929718018,3.9613254070281982,0,3,40,0.599998950958252,9,Most racially and ethnically diverse,0,56.40000104904175,57,5,43,1
208,151,Washington Latin PCS,1118,Washington Latin PCS - Upper School,Charter,4,333,14,86,14,Other,Not at-risk,15.223878622055054,-1.2238786220550537,0,4,44,6.700002908706665,9,Most racially and ethnically diverse,0,49.299997091293335,56,3,39,1
209,194,Washington Leadership Academy PCS,283,Washington Leadership Academy PCS,Charter,5,316,55,45,45,Most socioeconomically diverse,At-Risk,45.45454382896423,-0.4545438289642334,0,1,90,-4.499998092651367,9,Other,0,14.499998092651367,10,0,1,3
210,160,Washington Yu Ying PCS,1117,Washington Yu Ying PCS,Charter,5,570,6,94,6,Other,Not at-risk,3.8528919219970703,2.1471080780029297,0,10,33,2.899996757507324,6,Most racially and ethnically diverse,0,64.10000324249268,67,21,31,1
211,1,District of Columbia Public Schools,333,Watkins Elementary School (Capitol Hill Cluster),DCPS,6,460,21,79,21,Other,Not at-risk,19.954127073287964,1.0458729267120361,0,1,65,2.9000020027160645,4,Other,0,32.099997997283936,35,5,26,2
212,1,District of Columbia Public Schools,336,West Education Campus,DCPS,4,377,39,61,39,Other,Not at-risk,37.460315227508545,1.539684772491455,0,2,54,-1.2999989986419678,29,Most racially and ethnically diverse,0,47.29999899864197,46,2,13,2
213,1,District of Columbia Public Schools,335,Wheatley Education Campus,DCPS,5,353,73,27,27,Other,At-Risk,23.987537622451782,3.0124623775482178,0,0,85,5.299999713897705,10,Other,0,9.700000286102295,15,3,1,4
214,1,District of Columbia Public Schools,338,Whittier Education Campus,DCPS,4,410,49,51,49,Most socioeconomically diverse,Not at-risk,46.04105353355408,2.958946466445923,0,1,64,11.700002908706665,29,Other,0,24.299997091293335,36,1,5,3
215,1,District of Columbia Public Schools,463,Woodrow Wilson High School,DCPS,3,1895,22,78,22,Other,Not at-risk,24.185246229171753,-2.185246229171753,0,6,31,-2.1000022888183594,21,Most racially and ethnically diverse,1,65.10000228881836,63,4,37,2
